{"loss": [4.553417205810547, 4.511833667755127, 4.510534286499023, 4.509818077087402, 4.508445739746094, 4.509978771209717, 4.508456230163574, 4.504754543304443, 4.520907402038574, 4.502804279327393, 4.5070672035217285, 4.502206802368164, 4.504687309265137, 4.497494220733643, 4.500378608703613, 4.503216743469238, 4.510180473327637, 4.492863655090332, 4.494306564331055, 4.500644207000732, 4.4986677169799805, 4.508718967437744, 4.513749599456787, 4.4987382888793945, 4.498312473297119, 4.493053436279297, 4.5012030601501465, 4.49704122543335, 4.5022711753845215, 4.495014190673828, 4.497308254241943, 4.483983993530273, 4.5166521072387695, 4.490217685699463, 4.499861240386963, 4.521333694458008, 4.5040717124938965, 4.484219551086426, 4.482900619506836, 4.494802474975586, 4.497827529907227, 4.491039276123047, 4.488907337188721, 4.499339580535889, 4.5046305656433105, 4.498817443847656, 4.507652759552002, 4.480845928192139, 4.497074127197266, 4.494564056396484, 4.487035751342773, 4.496431350708008, 4.493643283843994, 4.4861345291137695, 4.4851579666137695, 4.487288475036621, 4.480912685394287, 4.4798407554626465, 4.486296653747559, 4.491980075836182, 4.479595184326172, 4.473160743713379, 4.483282089233398, 4.4978156089782715, 4.485560417175293, 4.480794429779053, 4.488690376281738, 4.498529434204102, 4.492299556732178, 4.474974155426025, 4.477406024932861, 4.490384101867676, 4.498215198516846, 4.494906425476074, 4.475484848022461, 4.477062702178955, 4.477189540863037, 4.477828502655029, 4.484018325805664, 4.475430011749268, 4.460485458374023, 4.485067367553711, 4.460751533508301, 4.47872257232666, 4.478011608123779, 4.471200466156006, 4.465353488922119, 4.457730293273926, 4.454291343688965, 4.457859992980957, 4.458029270172119, 4.4677653312683105, 4.482875347137451, 4.465125560760498, 4.474503993988037, 4.471628189086914, 4.464332580566406, 4.474908351898193, 4.468274116516113, 4.4608235359191895], "accuracy": [0.028437500819563866, 0.029999999329447746, 0.027812499552965164, 0.02656250074505806, 0.03031250089406967, 0.03187499940395355, 0.02500000037252903, 0.03031250089406967, 0.025624999776482582, 0.03187499940395355, 0.028750000521540642, 0.029374999925494194, 0.025624999776482582, 0.03375000134110451, 0.028750000521540642, 0.025624999776482582, 0.02812499925494194, 0.03187499940395355, 0.029374999925494194, 0.03187499940395355, 0.03187499940395355, 0.025937499478459358, 0.026249999180436134, 0.03031250089406967, 0.03218749910593033, 0.028750000521540642, 0.035624999552965164, 0.027187500149011612, 0.031562499701976776, 0.027499999850988388, 0.030625000596046448, 0.030937500298023224, 0.025312500074505806, 0.029374999925494194, 0.031562499701976776, 0.027499999850988388, 0.02968749962747097, 0.03500000014901161, 0.03218749910593033, 0.03281249850988388, 0.030937500298023224, 0.030625000596046448, 0.02812499925494194, 0.0234375, 0.029062500223517418, 0.029374999925494194, 0.028750000521540642, 0.03218749910593033, 0.029374999925494194, 0.02656250074505806, 0.03500000014901161, 0.028750000521540642, 0.02437499910593033, 0.026249999180436134, 0.030937500298023224, 0.029062500223517418, 0.03281249850988388, 0.026875000447034836, 0.028437500819563866, 0.031562499701976776, 0.025937499478459358, 0.026875000447034836, 0.02968749962747097, 0.029999999329447746, 0.03500000014901161, 0.03218749910593033, 0.028437500819563866, 0.029999999329447746, 0.025624999776482582, 0.03031250089406967, 0.03531249985098839, 0.024687500670552254, 0.027812499552965164, 0.029374999925494194, 0.028437500819563866, 0.025312500074505806, 0.03031250089406967, 0.029374999925494194, 0.03187499940395355, 0.02812499925494194, 0.03312499821186066, 0.029999999329447746, 0.035624999552965164, 0.030937500298023224, 0.03187499940395355, 0.029374999925494194, 0.03031250089406967, 0.02968749962747097, 0.028750000521540642, 0.03437500074505806, 0.03375000134110451, 0.029062500223517418, 0.028437500819563866, 0.024687500670552254, 0.029062500223517418, 0.030625000596046448, 0.027499999850988388, 0.028750000521540642, 0.027187500149011612, 0.034687500447034836], "val_loss": [4.52628231048584, 4.545975208282471, 4.49786376953125, 4.514495372772217, 4.524978160858154, 4.520570278167725, 4.533697605133057, 4.527561187744141, 4.52621603012085, 4.5291523933410645, 4.523438453674316, 4.512205600738525, 4.54191780090332, 4.517142295837402, 4.518648624420166, 4.522713661193848, 4.53675651550293, 4.5297532081604, 4.505286693572998, 4.519343852996826, 4.5319929122924805, 4.530577659606934, 4.537695407867432, 4.5166916847229, 4.5368170738220215, 4.52762508392334, 4.521520614624023, 4.531167984008789, 4.527708053588867, 4.530488967895508, 4.534879207611084, 4.529566287994385, 4.509161949157715, 4.536777496337891, 4.508931636810303, 4.521351337432861, 4.537688732147217, 4.566793918609619, 4.518893241882324, 4.5175700187683105, 4.516399383544922, 4.539026260375977, 4.523676872253418, 4.51434850692749, 4.518218040466309, 4.537113189697266, 4.5167036056518555, 4.515740871429443, 4.553762435913086, 4.5198798179626465, 4.544245719909668, 4.538784027099609, 4.539926052093506, 4.544496536254883, 4.523496150970459, 4.6039605140686035, 4.522301197052002, 4.545138359069824, 4.4939351081848145, 4.535123825073242, 4.544034004211426, 4.522708892822266, 4.610877513885498, 4.524966716766357, 4.533628463745117, 4.632769584655762, 4.581344127655029, 4.551578521728516, 4.521255970001221, 4.509385585784912, 4.525408744812012, 4.557151794433594, 4.557883262634277, 4.528456211090088, 4.539424896240234, 4.529897689819336, 4.599431991577148, 4.537823677062988, 4.537898063659668, 4.541322708129883, 4.565896987915039, 4.545763969421387, 4.580604076385498, 4.556764602661133, 4.534643173217773, 4.5833563804626465, 4.552177429199219, 4.5989580154418945, 4.571492671966553, 4.562196731567383, 4.584789276123047, 4.556710720062256, 4.608087539672852, 4.628671646118164, 4.582247734069824, 4.547057151794434, 4.546102523803711, 4.558290004730225, 4.611554145812988, 4.589799404144287],